Zestawy narzędzi ręcznych;Narzędzia
Laptopy;Komputery
Multitool;Narzędzia
Pistolety do klejenia;Narzędzia
Cyfrowe przyrządy pomiarowe;Narzędzia
Komputery All-In-One;Komputery
Śrubokręty i wkrętaki;Narzędzia
Ładowarki samochodowe;Akcesoria
Akcesoria do telefonów;Telefony i zegarki
Adaptery i przejściówki;TV, Audio i Video
Komputery stacjonarne PC;Komputery
Ładowarki sieciowe;Telefony i zegarki
Głośniki przenośne;Telefony i GPS
Mikro i mini wieże;TV, Audio i Video
Telewizory;Telewizory i RTV
Zestawy kolumn;Telewizory i RTV
Tusze i tonery;Komputery
Powerline - transmitery sieciowe;Komputery
Soundbar i speakerbar;Telewizory i RTV
Słuchawki;TV, Audio i Video
Telewizory LED, LCD, plazmowe;Telewizory i RTV
Zegarki sportowe;Telefony i GPS
Worki i filtry do odkurzaczy;AGD małe
Zestawy kluczy;Narzędzia
Wiertła i końcówki wkrętarskie;Narzędzia
Elektronarzędzia wielofunkcyjne;Narzędzia
Stoły warsztatowe;Narzędzia
Mieszarki elektryczne;Narzędzia
Wiertarko-wkrętarki;Narzędzia
Młotowiertarki;Narzędzia
Młoty wyburzeniowe;Narzędzia
Odkurzacze przemysłowe;AGD małe
Piekarniki do zabudowy;AGD do zabudowy
Płyty do zabudowy;AGD do zabudowy
płyta gazowa;AGD do zabudowy
Tablety;Komputery
Akcesoria do laptopów;Komputery
Słuchawki z mikrofonem;Gry i konsole
Akcesoria do kamer sportowych;Foto i kamery
Telefony i Smartfony;Telefony i GPS
Myjki do okien;AGD małe
Blendery kielichowe;AGD małe
Podkładki pod mysz;Komputery
Klawiatury komputerowe;Gry i konsole
Głośniki komputerowe;Komputery
Akcesoria do dysków twardych;Komputery
Zasilacze do laptopów;Komputery
Zestawy mysz i klawiatura;Gry i konsole
Myszy komputerowe;Gry i konsole
Zestawy słuchawkowe Bluetooth;Telefony i zegarki
Garnki i czajniki;AGD małe
Patelnie;AGD małe
Przybory kuchenne;AGD małe
Radioodtwarzacze CD;TV, Audio i Video
Uchwyty do telewizorów;TV, Audio i Video
Gry Xbox 360;Gry i konsole
Żelazka;AGD małe
Telefony przewodowe;Telefony i GPS
Zmywarki do zabudowy;AGD do zabudowy
Folie ochronne;Telefony i GPS
Etui do telefonów;Telefony i GPS
Gry PlayStation 4;Gry i konsole
etui dedykowane;Telefony i GPS
Kable audio-wideo;TV, Audio i Video
Klimatyzatory przenośne;AGD małe
Opaski monitorujące aktywność;Sport
Telefony i smartfony;Telefony i GPS
telefon komórkowy;Telefony i GPS
Smartwatch;Telefony i GPS
Mopy i akcesoria;AGD małe
Systemy do prasowania;AGD małe
Deski do prasowania;AGD małe
Suszarki do włosów;AGD małe
Lokówki;AGD małe
Wzmacniacze sygnału Wi-Fi;Komputery
Etui do tabletów multimedialnych;Komputery
Kuchenki mikrofalowe do zabudowy;AGD do zabudowy
Odtwarzacze Blu-ray;TV, Audio i Video
Kuchnie nastawne;AGD małe
Krótkofalówki;Telefony i zegarki
Odkurzacze;AGD małe
Gry PC;Gry i konsole
Obiektywy;Foto i kamery
komputer all-in-one;Komputery
Czajniki elektryczne;AGD małe
Karty pamięci;Foto i kamery
Chlebaki;AGD małe
Deski do krojenia;AGD małe
Noże kuchenne;AGD małe
Anteny CB;TV, Audio i Video
Lustrzanki cyfrowe;Foto i kamery
Żelazka systemowe;AGD małe
Torby do laptopów;Komputery
Powerbanki;Telefony i GPS
Myjki wysokociśnieniowe;AGD małe
Systemy malowania;Narzędzia
Papier fotograficzny;Foto i kamery
Lornetki;Foto i kamery
Gry Xbox One;Gry i konsole
Tostery;AGD małe
Urządzenia do czekolady;AGD małe
Gofrownice;AGD małe
Urządzenia do gotowania;AGD małe
Urządzenia do lodów i jogurtów;AGD małe
Wyciskarki do cytrusów;AGD małe
Gry PlayStation 3;Gry i konsole
Aparaty z wymienną optyką;Foto i kamery
Akcesoria do tabletów multimedialnych;Komputery
Urządzenia wielofunkcyjne;Komputery
Radioodbiorniki;TV, Audio i Video
Radiobudziki;TV, Audio i Video
Okulary VR;Telefony i zegarki
Gramofony;TV, Audio i Video
Radioodtwarzacze samochodowe;Telewizory i RTV
Monitory LED i LCD;Komputery
Wyposażenie do odkurzaczy;AGD małe
Akcesoria do parownic;AGD małe
Akcesoria do myjek do okien;Akcesoria
Nawigacja samochodowa;Telefony i GPS
Maszyny do szycia;AGD małe
Uchwyty do telefonów;Telefony i zegarki
Roboty wieloczynnościowe;AGD małe
Statywy;Foto i kamery
Uchwyty do selfie;Telefony i GPS
Trymery;AGD małe
Ekspresy ciśnieniowe;AGD małe
Mapy GPS;Telefony i zegarki
Drukarki laserowe;Komputery
urządzenie wielofunkcyjne;Komputery
Wentylatory i klimatory;AGD małe
Wkłady do dzbanków filtrujących;AGD małe
Filtry i akcesoria do nawilżaczy i oczyszczaczy;AGD małe
Sokowirówki;AGD małe
Wyciskarki wolnoobrotowe;AGD małe
Ładowarki i akumulatory przenośne;Telefony i GPS
Czytniki E-booków;Komputery
Routery GSM/3G;Komputery
piekarnik elektryczny;AGD do zabudowy
Torby do aparatów i kamer;Foto i kamery
Routery;Komputery
Kamery sportowe;Foto i kamery
kamera sportowa;Foto i kamery
Baterie;TV, Audio i Video
Aparaty cyfrowe;Foto i kamery
Akumulatory;Foto i kamery
Produkty czyszczące;TV, Audio i Video
Termowentylatory;AGD małe
Grzejniki;AGD małe
Głośniki samochodowe;TV, Audio i Video
Wkłady i filmy do aparatów;Foto i kamery
Rowery treningowe;Sport
Orbitreki i trenażery;Sport
Wioślarze;Sport
Amplitunery;TV, Audio i Video
Czujniki;Komputery
Kamery IP;Komputery
Modemy GSM;Komputery
Dyski twarde zewnętrzne;Foto i kamery
Programatory i sterowanie;Komputery
Odkurzacze pionowe;AGD małe
Akcesoria do myjek wysokociśnieniowych;AGD małe
zestaw do mycia samochodu;AGD małe
Parownice;AGD małe
Transmisja Audio, Wideo, Wi-Fi;TV, Audio i Video
Latarki;TV, Audio i Video
Ładowarki;Foto i kamery
Pralko-suszarki do zabudowy;AGD do zabudowy
Karty graficzne;Komputery
Karty dźwiękowe;Komputery
Projektory multimedialne;Komputery
Prostownice i karbownice;AGD małe
Anteny;TV, Audio i Video
gra;Gry i konsole
Przedłużacze sieciowe;TV, Audio i Video
Drony;Foto i kamery
Systemy multiroom;TV, Audio i Video
Kolumny audio;TV, Audio i Video
Oprogramowanie;Komputery
Stacje pogody;AGD małe
Piloty uniwersalne;TV, Audio i Video
Ekspresy przelewowe;AGD małe
Grille elektryczne;AGD małe
Krajalnice;AGD małe
Odkurzacze automatyczne;AGD małe
Garnki elektryczne;AGD małe
Miksery ręczne;AGD małe
Blendery;AGD małe
Urządzenia do gotowania na parze;AGD do zabudowy
Opiekacze do kanapek;AGD małe
Ekspresy do zabudowy;AGD do zabudowy
Maszynki do strzyżenia;AGD małe
Wyposażenie do piekarników i kuchni;AGD do zabudowy
Dyski sieciowe;Komputery
UPS-y (zasilanie awaryjne);Komputery
