Laptopy;Komputery
Komputery All-In-One;Komputery
Ładowarki samochodowe;Akcesoria
Akcesoria do telefonów;Telefony, GPS i zegarki
Adaptery i przejściówki;Telewizory i RTV
Komputery stacjonarne PC;Komputery
Ładowarki sieciowe;Telefony, GPS i zegarki
Głośniki przenośne;Telefony, GPS i zegarki
Mikro i mini wieże;Telewizory i RTV
Telewizory;Telewizory i RTV
Zestawy kolumn;Telewizory i RTV
Tusze i tonery;Komputery
Powerline - transmitery sieciowe;Komputery
Soundbar i speakerbar;Telewizory i RTV
Słuchawki;Telewizory i RTV
Telewizory LED, LCD, plazmowe;Telewizory i RTV
Zegarki sportowe;Telefony, GPS i zegarki
Tablety;Komputery
Akcesoria do laptopów;Komputery
Słuchawki z mikrofonem;Gry i konsole
Akcesoria do kamer sportowych;Foto i kamery
Telefony i Smartfony;Telefony, GPS i zegarki
Podkładki pod mysz;Komputery
Klawiatury komputerowe;Gry i konsole
Głośniki komputerowe;Komputery
Akcesoria do dysków twardych;Komputery
Zasilacze do laptopów;Komputery
Zestawy mysz i klawiatura;Gry i konsole
Myszy komputerowe;Gry i konsole
Zestawy słuchawkowe Bluetooth;Telefony, GPS i zegarki
Radioodtwarzacze CD;Telewizory i RTV
Uchwyty do telewizorów;Telewizory i RTV
Gry Xbox 360;Gry i konsole
Telefony przewodowe;Telefony, GPS i zegarki
Folie ochronne;Telefony, GPS i zegarki
Etui do telefonów;Telefony, GPS i zegarki
Gry PlayStation 4;Gry i konsole
Kable audio-wideo;Telewizory i RTV
Opaski monitorujące aktywność;Sport
Telefony i smartfony;Telefony, GPS i zegarki
Smartwatch;Telefony, GPS i zegarki
Wzmacniacze sygnału Wi-Fi;Komputery
Etui do tabletów multimedialnych;Komputery
Odtwarzacze Blu-ray;Telewizory i RTV
Krótkofalówki;Telefony, GPS i zegarki
Gry PC;Gry i konsole
Obiektywy;Foto i kamery
Karty pamięci;Foto i kamery
Anteny CB;Telewizory i RTV
Lustrzanki cyfrowe;Foto i kamery
Torby do laptopów;Komputery
Powerbanki;Telefony, GPS i zegarki
Papier fotograficzny;Foto i kamery
Lornetki;Foto i kamery
Gry Xbox One;Gry i konsole
Gry PlayStation 3;Gry i konsole
Aparaty z wymienną optyką;Foto i kamery
Akcesoria do tabletów multimedialnych;Komputery
Urządzenia wielofunkcyjne;Komputery
Radioodbiorniki;Telewizory i RTV
Radiobudziki;Telewizory i RTV
Okulary VR;Telefony, GPS i zegarki
Gramofony;Telewizory i RTV
Radioodtwarzacze samochodowe;Telewizory i RTV
Monitory LED i LCD;Komputery
Akcesoria do myjek do okien;Akcesoria
Nawigacja samochodowa;Telefony, GPS i zegarki
Uchwyty do telefonów;Telefony, GPS i zegarki
Statywy;Foto i kamery
Uchwyty do selfie;Telefony, GPS i zegarki
Mapy GPS;Telefony, GPS i zegarki
Drukarki laserowe;Komputery
Ładowarki i akumulatory przenośne;Telefony, GPS i zegarki
Czytniki E-booków;Komputery
Routery GSM/3G;Komputery
Torby do aparatów i kamer;Foto i kamery
Routery;Komputery
Kamery sportowe;Foto i kamery
Baterie;Telewizory i RTV
Aparaty cyfrowe;Foto i kamery
Akumulatory;Foto i kamery
Produkty czyszczące;Telewizory i RTV
Głośniki samochodowe;Telewizory i RTV
Wkłady i filmy do aparatów;Foto i kamery
Rowery treningowe;Sport
Orbitreki i trenażery;Sport
Wioślarze;Sport
Amplitunery;Telewizory i RTV
Czujniki;Komputery
Kamery IP;Komputery
Modemy GSM;Komputery
Dyski twarde zewnętrzne;Foto i kamery
Programatory i sterowanie;Komputery
Transmisja Audio, Wideo, Wi-Fi;Telewizory i RTV
Latarki;Telewizory i RTV
Ładowarki;Foto i kamery
Karty graficzne;Komputery
Karty dźwiękowe;Komputery
Projektory multimedialne;Komputery
Anteny;Telewizory i RTV
gra;Gry i konsole
Przedłużacze sieciowe;Telewizory i RTV
Drony;Foto i kamery
Systemy multiroom;Telewizory i RTV
Kolumny audio;Telewizory i RTV
Oprogramowanie;Komputery
Piloty uniwersalne;Telewizory i RTV
Dyski sieciowe;Komputery
UPS-y (zasilanie awaryjne);Komputery
Stacje i replikatory;Komputery
Kable do telefonów;Telefony, GPS i zegarki
głośnik bezprzewodowy;Telefony, GPS i zegarki
Rejestratory jazdy;Telefony, GPS i zegarki
Dyski SSD;Komputery
Procesory;Komputery
Płyty główne;Komputery
Konsole Xbox 360;Gry i konsole
Konsole PlayStation 4;Gry i konsole
Kierownice;Gry i konsole
Lampy błyskowe;Foto i kamery
SmartWatch;Telefony, GPS i zegarki
Tunery telewizyjne;Komputery
Stabilizatory do kamer i aparatów;Foto i kamery
Akcesoria do foto i kamer;Foto i kamery
Akcesoria do dronów;Foto i kamery
Zestawy kina domowego;Telewizory i RTV
Kable komputerowe;Komputery
Ładowarki iPod/iPhone/iPad;Telewizory i RTV
Akcesoria szpiegowskie;Komputery
Stoliki;Telewizory i RTV
Kable iPod/iPhone/iPad;Telewizory i RTV
Napędy optyczne;Komputery
Zasilacze do komputerów PC;Komputery
Skanery;Komputery
Płyty i kasety czyszczące;Akcesoria
